Pos;Bezeichnung;Vorschlag;Menge;Status;Bemerkung
1;3D-Sensor;SICK Visionary-T Mini CX, Frontscheibe Glas: V3S105-1AAAAAD (Art.-Nr. 1132065);1;offen;ToF, 512x424, IP65/67/69, 24 V typ. 12 W, GigE, -10..+50 °C, max. 50 klx Fremdlicht, 520 g, 4x M5; Glas statt PMMA wegen Lösemitteldämpfen/Reinigung/Kratzern an der Verladestelle; für den Prüfstand geht auch V3S105-1AAAAAA (PMMA, 1112649); docs/sensor_sick.md
2;Kabel Ethernet;M12 8-polig X-kodiert auf RJ45, Cat6a, ca. 10 m;1;offen;Länge nach Montagehöhe
3;Kabel Versorgung Sensor;M12 8-polig A-kodiert Buchse, offenes Ende, geschirmt, ca. 10 m;1;offen;24 V DC, typ. 12 W, Spitzenstrom 2 A
4;Edge-PC Prüfstand;ASUS NUC 14 Pro, Core Ultra 5, 16 GB, 512 GB SSD;1;offen;Ubuntu 24.04; ca. 640 EUR
5;USB-LAN-Adapter;USB 3 auf Gigabit Ethernet;1;offen;zweites Netz: Sensor getrennt von SPS
6;Edge-PC Station;Siemens SIMATIC IPC BX-32A, 4 Kerne (Core i5/i7 oder Xeon W, nicht Celeron), 16 GB, SSD, 24 V DC, 4x LAN, Hutschiene, lüfterlos;1;später;Linux-Unterstützung (Ubuntu oder SIMATIC Industrial OS) vor Bestellung klären; Rechenzeit am Prüfstand messen
7;Industrie-Switch (optional);unmanaged, 5 Port, Gigabit, 24 V, Hutschiene;1;optional;nur falls Ports nicht reichen: SPS X1 und SEW-Umrichter haben je 2 PN-Ports (Linie), Kamera direkt am IPC
8;Netzteil;24 V DC, 5 A, Hutschiene;1;offen;Sensor, Switch
9;Sensortraverse;Alu-Profil 45x45/45x90 verstellbar 4-6 m, Winkel, Nutensteine;1;offen;steif, Sensor senkrecht nach unten
10;Sensorhalter;neigbar;1;offen;
11;Mock-up Tankdach;gebogenes Blech auf Rahmen, R 1,1 m bzw. 1,5 m, ca. 1,5 x 2 m;1;offen;Oberfläche blank und matt testen
12;Domkragen Mock-up;Rohrstück ca. 500-600 mm, 12-25 cm hoch, mit Deckel;1;offen;Domdurchmesser realer Tankwagen klären
13;Kalibrierkugel;entfällt;0;entfällt;Kalibrierung nutzt die Markierungsscheibe (Pos. 15)
14;Messmittel;Laser-Entfernungsmesser, digitaler Neigungsmesser, Maßband;1;offen;
15;Markierungsscheibe Auslass;Ringscheibe Ø 220-250 mm, matt, über dem Auslassende höher als die größte Eintauchtiefe (z. B. 800 mm; HETA: vorhandener Flansch Ø 220 bei 823 mm);1;offen;für Nachmessen Job 2, Werkstoff produktverträglich
16;Drehgeber am Gelenk J1-J3 (entfällt);nicht nötig: alle Achsen bekommen SEW-Multiturn-Absolutwert-Motorgeber (Festlegung 30.09.2026, Anfrage SEW hardware/anfrage_sew_geber_bremse.md); nur optional als Zweitgeber, falls das Zahnspiel Ritzel/Zahnkranz J1/J2 nach der Inbetriebnahme zu groß ist (dann z. B. POSITAL/Kübler/Leine Linde, PROFINET, Ex-Ausführung falls in Zone);0;entfällt;Motorgeber: J1/J2 296° Drehbereich x 10,58 = ca. 9 Motorumdrehungen, J3 90° = 364 Umdrehungen -> beides weit innerhalb 4096 Umdrehungen Multiturn; Zahnspiel gleicht Job 2 (Nachmessen) aus
17;Sonnen-/Wetterschutz Sensor;Schutzdach über dem Sensor, Blickfeld 70°x60° frei;1;offen;Datenblatt: max. 50 klx Fremdlicht (direkte Sonne ca. 100 klx), Gehäuse max. 65 °C; ggf. SICK-Kühlkörper
18;SPS;Siemens S7-1500 F-CPU, z. B. CPU 1512SP F-1 PN (ET 200SP) oder CPU 1513F-1 PN, mit Lizenz SIMATIC OPC UA S7-1500 passend zur CPU;1;offen;neu, bisher keine SPS vorhanden; OPC-UA-Server, 3 Positionierachsen PROFIdrive, Not-Halt/STO
19;SPS-Peripherie;F-DI (Not-Halt, Endschalter, Quittierung), DI/DQ (Bedienelemente, Meldeleuchten, Windmesser optional), ggf. HMI 7 Zoll;1;offen;Auslegung Schaltschrankbauer
20;Absperrklappe Fallleitung;Absperrklappe DN 100 (statt schwerem Kugelhahn) mit Antrieb (pneumatisch oder elektrisch) und Stellungsrückmeldung auf/zu, Werkstoff/Dichtung passend zu den Produkten;1;offen;Besprechung Automatisierung Okt. 2026; Ansteuerung Füllen Start/Stopp durch die SPS; Ex-Ausführung je nach Zone
